{
    "builds": [
      {
        "src": "index.js",
        "use": "@vercel/node"
      },
      {
        "src": "build/**",
        "use": "@vercel/static" 
      }
    ],
    "routes": [
      {
        "src": "/all-products",
        "dest": "index.js"
      },
      {
        "src": "/all-products/(.*)",
        "dest": "index.js"
      },
        {
        "src": "/all-products/(.*)",
        "dest": "index.js"
      },
      {
        "src": "/categories",
        "dest": "index.js"
      },
      {
        "src": "/categories/(.*)",
        "dest": "index.js"
      },
      {
        "src": "/brands",
        "dest": "index.js"
      },
      {
        "src": "/brands/(.*)",
        "dest": "index.js"
      },
      {
        "src": "/users",
        "dest": "index.js"
      },
      {
        "src": "/users/(.*)",
        "dest": "index.js"
      },
      {
        "src": "/auth",
        "dest": "index.js"
      },
      {
        "src": "/auth/(.*)",
        "dest": "index.js"
      },
      {
        "src": "/carts",
        "dest": "index.js"
      },
      {
        "src": "/carts/(.*)",
        "dest": "index.js"
      },
      {
        "src": "/orders",
        "dest": "index.js"
      },
      {
        "src": "/orders/(.*)",
        "dest": "index.js"
      },
      {
        "src": "/webhook",
        "dest": "index.js"
      },
      {
        "src": "/create-payment-intent",
        "dest": "index.js"
      },
      {
        "src": "/",
        "dest": "build/index.html"
      },
          {
        "src": "/login",
        "dest": "build/index.html"
      },
          {
    "src": "/logout",
    "dest": "build/index.html"
  },
      {
    "src": "/signup",
    "dest": "build/index.html"
  },
      {
    "src": "/products",
    "dest": "build/index.html"
  },
          {
    "src": "/contact-us",
    "dest": "build/index.html"
  },
      {
    "src": "/about-us",
    "dest": "build/index.html"
  },
      {
    "src": "/cart",
    "dest": "build/index.html"
  },
      {
    "src": "/checkout",
    "dest": "build/index.html"
  },
      {
    "src": "/admin",
    "dest": "build/index.html"
  },
          {
    "src": "/product-detail/(.*)",
    "dest": "build/index.html"
  },
          {
    "src": "/admin/product-detail/(.*)",
    "dest": "build/index.html"
  },
       {
    "src": "/admin/orders-charts",
    "dest": "build/index.html"
  },
  
       {
    "src": "/admin/product-form",
    "dest": "build/index.html"
  },
       {
    "src": "/admin/orders",
    "dest": "build/index.html"
  },
       {
    "src": "/admin/product-form/edit/(.*)",
    "dest": "build/index.html"
  },
       {
    "src": "/order-success/(.*)",
    "dest": "build/index.html"
  },
       {
    "src": "/profile",
    "dest": "build/index.html"
  },
        {
    "src": "/my-orders",
    "dest": "build/index.html"
  },
  
       {
    "src": "/stripe-checkout",
    "dest": "build/index.html"
  },
       {
    "src": "/forgot-password",
    "dest": "build/index.html"
  },
       {
    "src": "/reset-password",
    "dest": "build/index.html"
  },
        {
      "src": "/(.+)",
      "dest": "build/$1"
    }
  
  
  ]
  }